identifier,currency,isCurrency,level,conversionRatio,ratioUnit,allowedSwapCategories,h
String,String,Integer,Integer,Float,String,String,String
experience,experience,1,1,0.1,ruby,,
breedingToken,breedingToken,1,1,0.1666,ruby,,
goldBreedingToken,goldBreedingToken,1,1,0.1,ruby,,
dragonSlot,dragonSlot,1,1,0.001,ruby,,
trophy,trophy,1,1,10,ruby,,
weeklyTrophy,weeklyTrophy,1,1,10,ruby,,
redEggCurrency,redEggCurrency,1,1,0.025,ruby,research,
purpleEggCurrency,purpleEggCurrency,1,1,0.02,ruby,research,
blueEggCurrency,blueEggCurrency,1,1,0.004,ruby,research,
orangeEggCurrency,orangeEggCurrency,1,1,0.00167,ruby,research,
greenEggCurrency,greenEggCurrency,1,1,0.0005,ruby,research,
piercing_1,piercing,1,1,1.11,ruby,,
piercing_2,piercing,1,2,1.11,ruby,,
piercing_3,piercing,1,3,1.11,ruby,,
piercing_4,piercing,1,4,1.14,ruby,,
piercing_5,piercing,1,5,1.42,ruby,,
piercing_6,piercing,1,6,1.71,ruby,,
piercing_7,piercing,1,7,1.99,ruby,,
piercing_8,piercing,1,8,2.95,ruby,,
piercing_9,piercing,1,9,2.95,ruby,,
piercing_10,piercing,1,10,3.67,ruby,,
piercing_11,piercing,1,11,4.42,ruby,,
piercing_12,piercing,1,12,4.42,ruby,,
piercing_13,piercing,1,13,5.22,ruby,,
piercing_14,piercing,1,14,6.7,ruby,,
piercing_15,piercing,1,15,6.7,ruby,,
piercing_16,piercing,1,16,7.56,ruby,,
piercing_17,piercing,1,17,7.56,ruby,,
piercing_18,piercing,1,18,8.45,ruby,,
piercing_19,piercing,1,19,8.45,ruby,,
piercing_20,piercing,1,20,9.37,ruby,,
piercing_21,piercing,1,21,9.37,ruby,,
piercing_22,piercing,1,22,10.32,ruby,,
piercing_23,piercing,1,23,10.32,ruby,,
piercing_24,piercing,1,24,11.32,ruby,,
piercing_25,piercing,1,25,11.32,ruby,,
piercing_26,piercing,1,26,12.35,ruby,,
piercing_27,piercing,1,27,12.35,ruby,,
piercing_28,piercing,1,28,13.43,ruby,,
piercing_29,piercing,1,29,13.43,ruby,,
piercing_30,piercing,1,30,13.43,ruby,,
piercing_31,piercing,1,31,14.56,ruby,,
piercing_32,piercing,1,32,14.56,ruby,,
piercing_33,piercing,1,33,15.74,ruby,,
piercing_34,piercing,1,34,15.74,ruby,,
piercing_35,piercing,1,35,15.74,ruby,,
piercing_36,piercing,1,36,17.88,ruby,,
piercing_37,piercing,1,37,17.88,ruby,,
piercing_38,piercing,1,38,20.11,ruby,,
piercing_39,piercing,1,39,20.11,ruby,,
piercing_40,piercing,1,40,20.11,ruby,,
piercing_41,piercing,1,41,22.46,ruby,,
piercing_42,piercing,1,42,22.46,ruby,,
piercing_43,piercing,1,43,24.92,ruby,,
piercing_44,piercing,1,44,24.92,ruby,,
piercing_45,piercing,1,45,24.92,ruby,,
piercing_46,piercing,1,46,27.51,ruby,,
piercing_47,piercing,1,47,27.51,ruby,,
piercing_48,piercing,1,48,30.25,ruby,,
piercing_49,piercing,1,49,30.25,ruby,,
piercing_50,piercing,1,50,30.25,ruby,,
piercing_51,piercing,1,51,33.13,ruby,,
piercing_52,piercing,1,52,33.13,ruby,,
piercing_53,piercing,1,53,36.18,ruby,,
piercing_54,piercing,1,54,36.18,ruby,,
piercing_55,piercing,1,55,36.18,ruby,,
piercing_56,piercing,1,56,39.41,ruby,,
piercing_57,piercing,1,57,39.41,ruby,,
piercing_58,piercing,1,58,43.39,ruby,,
piercing_59,piercing,1,59,43.39,ruby,,
piercing_60,piercing,1,60,43.39,ruby,,
piercing_61,piercing,1,61,47.62,ruby,,
piercing_62,piercing,1,62,47.62,ruby,,
piercing_63,piercing,1,63,52.1,ruby,,
piercing_64,piercing,1,64,52.1,ruby,,
piercing_65,piercing,1,65,52.1,ruby,,
piercing_66,piercing,1,66,56.87,ruby,,
piercing_67,piercing,1,67,56.87,ruby,,
piercing_68,piercing,1,68,59.96,ruby,,
piercing_69,piercing,1,69,59.96,ruby,,
piercing_70,piercing,1,70,59.96,ruby,,
piercing_71,piercing,1,71,63.05,ruby,,
piercing_72,piercing,1,72,63.05,ruby,,
piercing_73,piercing,1,73,66.14,ruby,,
piercing_74,piercing,1,74,66.14,ruby,,
piercing_75,piercing,1,75,66.14,ruby,,
piercing_76,piercing,1,76,69.23,ruby,,
piercing_77,piercing,1,77,69.23,ruby,,
piercing_78,piercing,1,78,74.17,ruby,,
piercing_79,piercing,1,79,74.17,ruby,,
piercing_80,piercing,1,80,74.17,ruby,,
piercing_81,piercing,1,81,79.12,ruby,,
piercing_82,piercing,1,82,79.12,ruby,,
piercing_83,piercing,1,83,84.06,ruby,,
piercing_84,piercing,1,84,84.06,ruby,,
piercing_85,piercing,1,85,84.06,ruby,,
piercing_86,piercing,1,86,89.01,ruby,,
piercing_87,piercing,1,87,89.01,ruby,,
piercing_88,piercing,1,88,93.95,ruby,,
piercing_89,piercing,1,89,93.95,ruby,,
piercing_90,piercing,1,90,93.95,ruby,,
piercing_91,piercing,1,91,98.9,ruby,,
piercing_92,piercing,1,92,98.9,ruby,,
piercing_93,piercing,1,93,106.32,ruby,,
piercing_94,piercing,1,94,106.32,ruby,,
piercing_95,piercing,1,95,106.32,ruby,,
piercing_96,piercing,1,96,113.73,ruby,,
piercing_97,piercing,1,97,113.73,ruby,,
piercing_98,piercing,1,98,121.15,ruby,,
piercing_99,piercing,1,99,121.15,ruby,,
piercing_100,piercing,1,100,121.15,ruby,,
piercing_101,piercing,1,101,128.57,ruby,,
piercing_102,piercing,1,102,128.57,ruby,,
piercing_103,piercing,1,103,135.98,ruby,,
piercing_104,piercing,1,104,135.98,ruby,,
piercing_105,piercing,1,105,135.98,ruby,,
piercing_106,piercing,1,106,143.4,ruby,,
piercing_107,piercing,1,107,143.4,ruby,,
piercing_108,piercing,1,108,150.82,ruby,,
piercing_109,piercing,1,109,150.82,ruby,,
piercing_110,piercing,1,110,150.82,ruby,,
piercing_111,piercing,1,111,158.24,ruby,,
piercing_112,piercing,1,112,158.24,ruby,,
piercing_113,piercing,1,113,165.65,ruby,,
piercing_114,piercing,1,114,165.65,ruby,,
piercing_115,piercing,1,115,165.65,ruby,,
piercing_116,piercing,1,116,173.07,ruby,,
piercing_117,piercing,1,117,173.07,ruby,,
piercing_118,piercing,1,118,180.49,ruby,,
piercing_119,piercing,1,119,180.49,ruby,,
piercing_120,piercing,1,120,180.49,ruby,,
piercing_121,piercing,1,121,187.91,ruby,,
piercing_122,piercing,1,122,187.91,ruby,,
piercing_123,piercing,1,123,195.32,ruby,,
piercing_124,piercing,1,124,195.32,ruby,,
piercing_125,piercing,1,125,195.32,ruby,,
piercing_126,piercing,1,126,202.74,ruby,,
piercing_127,piercing,1,127,202.74,ruby,,
piercing_128,piercing,1,128,210.16,ruby,,
piercing_129,piercing,1,129,210.16,ruby,,
piercing_130,piercing,1,130,210.16,ruby,,
piercing_131,piercing,1,131,217.58,ruby,,
piercing_132,piercing,1,132,217.58,ruby,,
piercing_133,piercing,1,133,224.99,ruby,,
piercing_134,piercing,1,134,224.99,ruby,,
piercing_135,piercing,1,135,224.99,ruby,,
piercing_136,piercing,1,136,232.41,ruby,,
piercing_137,piercing,1,137,232.41,ruby,,
piercing_138,piercing,1,138,239.83,ruby,,
piercing_139,piercing,1,139,239.83,ruby,,
piercing_140,piercing,1,140,239.83,ruby,,
piercing_141,piercing,1,141,247.24,ruby,,
piercing_142,piercing,1,142,247.24,ruby,,
piercing_143,piercing,1,143,254.66,ruby,,
piercing_144,piercing,1,144,254.66,ruby,,
piercing_145,piercing,1,145,254.66,ruby,,
piercing_146,piercing,1,146,262.08,ruby,,
piercing_147,piercing,1,147,262.08,ruby,,
piercing_148,piercing,1,148,269.5,ruby,,
piercing_149,piercing,1,149,269.5,ruby,,
piercing_150,piercing,1,150,269.5,ruby,,
piercing_151,piercing,1,151,269.5,ruby,,
piercing_152,piercing,1,152,269.5,ruby,,
piercing_153,piercing,1,153,269.5,ruby,,
piercing_154,piercing,1,154,269.5,ruby,,
piercing_155,piercing,1,155,269.5,ruby,,
piercing_156,piercing,1,156,269.5,ruby,,
piercing_157,piercing,1,157,269.5,ruby,,
piercing_158,piercing,1,158,269.5,ruby,,
piercing_159,piercing,1,159,269.5,ruby,,
piercing_160,piercing,1,160,269.5,ruby,,
piercing_161,piercing,1,161,269.5,ruby,,
piercing_162,piercing,1,162,269.5,ruby,,
piercing_163,piercing,1,163,269.5,ruby,,
piercing_164,piercing,1,164,269.5,ruby,,
piercing_165,piercing,1,165,269.5,ruby,,
piercing_166,piercing,1,166,269.5,ruby,,
piercing_167,piercing,1,167,269.5,ruby,,
piercing_168,piercing,1,168,269.5,ruby,,
piercing_169,piercing,1,169,269.5,ruby,,
piercing_170,piercing,1,170,269.5,ruby,,
piercing_171,piercing,1,171,269.5,ruby,,
piercing_172,piercing,1,172,269.5,ruby,,
piercing_173,piercing,1,173,269.5,ruby,,
piercing_174,piercing,1,174,269.5,ruby,,
piercing_175,piercing,1,175,269.5,ruby,,
piercing_176,piercing,1,176,269.5,ruby,,
piercing_177,piercing,1,177,269.5,ruby,,
piercing_178,piercing,1,178,269.5,ruby,,
piercing_179,piercing,1,179,269.5,ruby,,
piercing_180,piercing,1,180,269.5,ruby,,
piercing_181,piercing,1,181,269.5,ruby,,
piercing_182,piercing,1,182,269.5,ruby,,
piercing_183,piercing,1,183,269.5,ruby,,
piercing_184,piercing,1,184,269.5,ruby,,
piercing_185,piercing,1,185,269.5,ruby,,
piercing_186,piercing,1,186,269.5,ruby,,
piercing_187,piercing,1,187,269.5,ruby,,
piercing_188,piercing,1,188,269.5,ruby,,
piercing_189,piercing,1,189,269.5,ruby,,
piercing_190,piercing,1,190,269.5,ruby,,
piercing_191,piercing,1,191,269.5,ruby,,
piercing_192,piercing,1,192,269.5,ruby,,
piercing_193,piercing,1,193,269.5,ruby,,
piercing_194,piercing,1,194,269.5,ruby,,
piercing_195,piercing,1,195,269.5,ruby,,
piercing_196,piercing,1,196,269.5,ruby,,
piercing_197,piercing,1,197,269.5,ruby,,
piercing_198,piercing,1,198,269.5,ruby,,
piercing_199,piercing,1,199,269.5,ruby,,
piercing_200,piercing,1,200,269.5,ruby,,
piercing_201,piercing,1,201,269.5,ruby,,
piercing_202,piercing,1,202,269.5,ruby,,
piercing_203,piercing,1,203,269.5,ruby,,
piercing_204,piercing,1,204,269.5,ruby,,
piercing_205,piercing,1,205,269.5,ruby,,
piercing_206,piercing,1,206,269.5,ruby,,
piercing_207,piercing,1,207,269.5,ruby,,
piercing_208,piercing,1,208,269.5,ruby,,
piercing_209,piercing,1,209,269.5,ruby,,
piercing_210,piercing,1,210,269.5,ruby,,
piercing_211,piercing,1,211,269.5,ruby,,
piercing_212,piercing,1,212,269.5,ruby,,
piercing_213,piercing,1,213,269.5,ruby,,
piercing_214,piercing,1,214,269.5,ruby,,
piercing_215,piercing,1,215,269.5,ruby,,
piercing_216,piercing,1,216,269.5,ruby,,
piercing_217,piercing,1,217,269.5,ruby,,
piercing_218,piercing,1,218,269.5,ruby,,
piercing_219,piercing,1,219,269.5,ruby,,
piercing_220,piercing,1,220,269.5,ruby,,
piercing_221,piercing,1,221,269.5,ruby,,
piercing_222,piercing,1,222,269.5,ruby,,
piercing_223,piercing,1,223,269.5,ruby,,
piercing_224,piercing,1,224,269.5,ruby,,
piercing_225,piercing,1,225,269.5,ruby,,
piercing_226,piercing,1,226,269.5,ruby,,
piercing_227,piercing,1,227,269.5,ruby,,
piercing_228,piercing,1,228,269.5,ruby,,
piercing_229,piercing,1,229,269.5,ruby,,
piercing_230,piercing,1,230,269.5,ruby,,
piercing_231,piercing,1,231,269.5,ruby,,
piercing_232,piercing,1,232,269.5,ruby,,
piercing_233,piercing,1,233,269.5,ruby,,
piercing_234,piercing,1,234,269.5,ruby,,
piercing_235,piercing,1,235,269.5,ruby,,
piercing_236,piercing,1,236,269.5,ruby,,
piercing_237,piercing,1,237,269.5,ruby,,
piercing_238,piercing,1,238,269.5,ruby,,
piercing_239,piercing,1,239,269.5,ruby,,
piercing_240,piercing,1,240,269.5,ruby,,
piercing_241,piercing,1,241,269.5,ruby,,
piercing_242,piercing,1,242,269.5,ruby,,
piercing_243,piercing,1,243,269.5,ruby,,
piercing_244,piercing,1,244,269.5,ruby,,
piercing_245,piercing,1,245,269.5,ruby,,
aura_1,aura,1,1,0.1,ruby,,
aura_2,aura,1,2,0.14,ruby,,
aura_3,aura,1,3,0.2,ruby,,
aura_4,aura,1,4,0.27,ruby,,
aura_5,aura,1,5,0.38,ruby,,
aura_6,aura,1,6,0.54,ruby,,
aura_7,aura,1,7,0.73,ruby,,
aura_8,aura,1,8,0.94,ruby,,
aura_9,aura,1,9,1.18,ruby,,
aura_10,aura,1,10,1.42,ruby,,
aura_11,aura,1,11,1.56,ruby,,
aura_12,aura,1,12,1.71,ruby,,
aura_13,aura,1,13,1.88,ruby,,
aura_14,aura,1,14,2.07,ruby,,
aura_15,aura,1,15,2.28,ruby,,
aura_16,aura,1,16,2.51,ruby,,
aura_17,aura,1,17,2.76,ruby,,
aura_18,aura,1,18,3.03,ruby,,
aura_19,aura,1,19,3.34,ruby,,
aura_20,aura,1,20,3.67,ruby,,
aura_21,aura,1,21,4.04,ruby,,
aura_22,aura,1,22,4.44,ruby,,
aura_23,aura,1,23,4.89,ruby,,
aura_24,aura,1,24,5.38,ruby,,
aura_25,aura,1,25,5.91,ruby,,
aura_26,aura,1,26,6.21,ruby,,
aura_27,aura,1,27,6.52,ruby,,
aura_28,aura,1,28,6.85,ruby,,
aura_29,aura,1,29,7.19,ruby,,
aura_30,aura,1,30,7.55,ruby,,
aura_31,aura,1,31,7.93,ruby,,
aura_32,aura,1,32,8.32,ruby,,
aura_33,aura,1,33,8.74,ruby,,
aura_34,aura,1,34,9.17,ruby,,
aura_35,aura,1,35,9.63,ruby,,
aura_36,aura,1,36,10.12,ruby,,
aura_37,aura,1,37,10.62,ruby,,
aura_38,aura,1,38,11.15,ruby,,
aura_39,aura,1,39,11.71,ruby,,
aura_40,aura,1,40,12.3,ruby,,
aura_41,aura,1,41,12.91,ruby,,
aura_42,aura,1,42,13.56,ruby,,
aura_43,aura,1,43,14.23,ruby,,
aura_44,aura,1,44,14.94,ruby,,
aura_45,aura,1,45,15.69,ruby,,
aura_46,aura,1,46,16.48,ruby,,
aura_47,aura,1,47,17.3,ruby,,
aura_48,aura,1,48,18.17,ruby,,
aura_49,aura,1,49,19.07,ruby,,
aura_50,aura,1,50,20.03,ruby,,
aura_51,aura,1,51,21.03,ruby,,
aura_52,aura,1,52,22.08,ruby,,
aura_53,aura,1,53,23.18,ruby,,
aura_54,aura,1,54,24.34,ruby,,
aura_55,aura,1,55,25.56,ruby,,
aura_56,aura,1,56,26.84,ruby,,
food_1,food,1,1,1.11,ruby,,
food_2,food,1,2,1.11,ruby,,
food_3,food,1,3,1.11,ruby,,
food_4,food,1,4,1.14,ruby,,
food_5,food,1,5,1.42,ruby,,
food_6,food,1,6,1.71,ruby,,
food_7,food,1,7,1.99,ruby,,
food_8,food,1,8,2.95,ruby,,
food_9,food,1,9,2.95,ruby,,
food_10,food,1,10,3.67,ruby,,
food_11,food,1,11,4.42,ruby,,
food_12,food,1,12,4.42,ruby,,
food_13,food,1,13,5.22,ruby,,
food_14,food,1,14,6.7,ruby,,
food_15,food,1,15,6.7,ruby,,
food_16,food,1,16,7.56,ruby,,
food_17,food,1,17,7.56,ruby,,
food_18,food,1,18,8.45,ruby,,
food_19,food,1,19,8.45,ruby,,
food_20,food,1,20,9.37,ruby,,
food_21,food,1,21,9.37,ruby,,
food_22,food,1,22,10.32,ruby,,
food_23,food,1,23,10.32,ruby,,
food_24,food,1,24,11.32,ruby,,
food_25,food,1,25,11.32,ruby,,
food_26,food,1,26,12.35,ruby,,
food_27,food,1,27,12.35,ruby,,
food_28,food,1,28,13.43,ruby,,
food_29,food,1,29,13.43,ruby,,
food_30,food,1,30,13.43,ruby,,
food_31,food,1,31,14.56,ruby,,
food_32,food,1,32,14.56,ruby,,
food_33,food,1,33,15.74,ruby,,
food_34,food,1,34,15.74,ruby,,
food_35,food,1,35,15.74,ruby,,
food_36,food,1,36,17.88,ruby,,
food_37,food,1,37,17.88,ruby,,
food_38,food,1,38,20.11,ruby,,
food_39,food,1,39,20.11,ruby,,
food_40,food,1,40,20.11,ruby,,
food_41,food,1,41,22.46,ruby,,
food_42,food,1,42,22.46,ruby,,
food_43,food,1,43,24.92,ruby,,
food_44,food,1,44,24.92,ruby,,
food_45,food,1,45,24.92,ruby,,
food_46,food,1,46,27.51,ruby,,
food_47,food,1,47,27.51,ruby,,
food_48,food,1,48,30.25,ruby,,
food_49,food,1,49,30.25,ruby,,
food_50,food,1,50,30.25,ruby,,
food_51,food,1,51,33.13,ruby,,
food_52,food,1,52,33.13,ruby,,
food_53,food,1,53,36.18,ruby,,
food_54,food,1,54,36.18,ruby,,
food_55,food,1,55,36.18,ruby,,
food_56,food,1,56,39.41,ruby,,
food_57,food,1,57,39.41,ruby,,
food_58,food,1,58,43.39,ruby,,
food_59,food,1,59,43.39,ruby,,
food_60,food,1,60,43.39,ruby,,
food_61,food,1,61,47.62,ruby,,
food_62,food,1,62,47.62,ruby,,
food_63,food,1,63,52.1,ruby,,
food_64,food,1,64,52.1,ruby,,
food_65,food,1,65,52.1,ruby,,
food_66,food,1,66,56.87,ruby,,
food_67,food,1,67,56.87,ruby,,
food_68,food,1,68,59.96,ruby,,
food_69,food,1,69,59.96,ruby,,
food_70,food,1,70,59.96,ruby,,
food_71,food,1,71,63.05,ruby,,
food_72,food,1,72,63.05,ruby,,
food_73,food,1,73,66.14,ruby,,
food_74,food,1,74,66.14,ruby,,
food_75,food,1,75,66.14,ruby,,
food_76,food,1,76,69.23,ruby,,
food_77,food,1,77,69.23,ruby,,
food_78,food,1,78,74.17,ruby,,
food_79,food,1,79,74.17,ruby,,
food_80,food,1,80,74.17,ruby,,
food_81,food,1,81,79.12,ruby,,
food_82,food,1,82,79.12,ruby,,
food_83,food,1,83,84.06,ruby,,
food_84,food,1,84,84.06,ruby,,
food_85,food,1,85,84.06,ruby,,
food_86,food,1,86,89.01,ruby,,
food_87,food,1,87,89.01,ruby,,
food_88,food,1,88,93.95,ruby,,
food_89,food,1,89,93.95,ruby,,
food_90,food,1,90,93.95,ruby,,
food_91,food,1,91,98.9,ruby,,
food_92,food,1,92,98.9,ruby,,
food_93,food,1,93,106.32,ruby,,
food_94,food,1,94,106.32,ruby,,
food_95,food,1,95,106.32,ruby,,
food_96,food,1,96,113.73,ruby,,
food_97,food,1,97,113.73,ruby,,
food_98,food,1,98,121.15,ruby,,
food_99,food,1,99,121.15,ruby,,
food_100,food,1,100,121.15,ruby,,
food_101,food,1,101,128.57,ruby,,
food_102,food,1,102,128.57,ruby,,
food_103,food,1,103,135.98,ruby,,
food_104,food,1,104,135.98,ruby,,
food_105,food,1,105,135.98,ruby,,
food_106,food,1,106,143.4,ruby,,
food_107,food,1,107,143.4,ruby,,
food_108,food,1,108,150.82,ruby,,
food_109,food,1,109,150.82,ruby,,
food_110,food,1,110,150.82,ruby,,
food_111,food,1,111,158.24,ruby,,
food_112,food,1,112,158.24,ruby,,
food_113,food,1,113,165.65,ruby,,
food_114,food,1,114,165.65,ruby,,
food_115,food,1,115,165.65,ruby,,
food_116,food,1,116,173.07,ruby,,
food_117,food,1,117,173.07,ruby,,
food_118,food,1,118,180.49,ruby,,
food_119,food,1,119,180.49,ruby,,
food_120,food,1,120,180.49,ruby,,
food_121,food,1,121,187.91,ruby,,
food_122,food,1,122,187.91,ruby,,
food_123,food,1,123,195.32,ruby,,
food_124,food,1,124,195.32,ruby,,
food_125,food,1,125,195.32,ruby,,
food_126,food,1,126,202.74,ruby,,
food_127,food,1,127,202.74,ruby,,
food_128,food,1,128,210.16,ruby,,
food_129,food,1,129,210.16,ruby,,
food_130,food,1,130,210.16,ruby,,
food_131,food,1,131,217.58,ruby,,
food_132,food,1,132,217.58,ruby,,
food_133,food,1,133,224.99,ruby,,
food_134,food,1,134,224.99,ruby,,
food_135,food,1,135,224.99,ruby,,
food_136,food,1,136,232.41,ruby,,
food_137,food,1,137,232.41,ruby,,
food_138,food,1,138,239.83,ruby,,
food_139,food,1,139,239.83,ruby,,
food_140,food,1,140,239.83,ruby,,
food_141,food,1,141,247.24,ruby,,
food_142,food,1,142,247.24,ruby,,
food_143,food,1,143,254.66,ruby,,
food_144,food,1,144,254.66,ruby,,
food_145,food,1,145,254.66,ruby,,
food_146,food,1,146,262.08,ruby,,
food_147,food,1,147,262.08,ruby,,
food_148,food,1,148,269.5,ruby,,
food_149,food,1,149,269.5,ruby,,
food_150,food,1,150,269.5,ruby,,
food_151,food,1,151,269.5,ruby,,
food_152,food,1,152,269.5,ruby,,
food_153,food,1,153,269.5,ruby,,
food_154,food,1,154,269.5,ruby,,
food_155,food,1,155,269.5,ruby,,
food_156,food,1,156,269.5,ruby,,
food_157,food,1,157,269.5,ruby,,
food_158,food,1,158,269.5,ruby,,
food_159,food,1,159,269.5,ruby,,
food_160,food,1,160,269.5,ruby,,
food_161,food,1,161,269.5,ruby,,
food_162,food,1,162,269.5,ruby,,
food_163,food,1,163,269.5,ruby,,
food_164,food,1,164,269.5,ruby,,
food_165,food,1,165,269.5,ruby,,
food_166,food,1,166,269.5,ruby,,
food_167,food,1,167,269.5,ruby,,
food_168,food,1,168,269.5,ruby,,
food_169,food,1,169,269.5,ruby,,
food_170,food,1,170,269.5,ruby,,
food_171,food,1,171,269.5,ruby,,
food_172,food,1,172,269.5,ruby,,
food_173,food,1,173,269.5,ruby,,
food_174,food,1,174,269.5,ruby,,
food_175,food,1,175,269.5,ruby,,
food_176,food,1,176,269.5,ruby,,
food_177,food,1,177,269.5,ruby,,
food_178,food,1,178,269.5,ruby,,
food_179,food,1,179,269.5,ruby,,
food_180,food,1,180,269.5,ruby,,
food_181,food,1,181,269.5,ruby,,
food_182,food,1,182,269.5,ruby,,
food_183,food,1,183,269.5,ruby,,
food_184,food,1,184,269.5,ruby,,
food_185,food,1,185,269.5,ruby,,
food_186,food,1,186,269.5,ruby,,
food_187,food,1,187,269.5,ruby,,
food_188,food,1,188,269.5,ruby,,
food_189,food,1,189,269.5,ruby,,
food_190,food,1,190,269.5,ruby,,
food_191,food,1,191,269.5,ruby,,
food_192,food,1,192,269.5,ruby,,
food_193,food,1,193,269.5,ruby,,
food_194,food,1,194,269.5,ruby,,
food_195,food,1,195,269.5,ruby,,
food_196,food,1,196,269.5,ruby,,
food_197,food,1,197,269.5,ruby,,
food_198,food,1,198,269.5,ruby,,
food_199,food,1,199,269.5,ruby,,
food_200,food,1,200,269.5,ruby,,
food_201,food,1,201,269.5,ruby,,
food_202,food,1,202,269.5,ruby,,
food_203,food,1,203,269.5,ruby,,
food_204,food,1,204,269.5,ruby,,
food_205,food,1,205,269.5,ruby,,
food_206,food,1,206,269.5,ruby,,
food_207,food,1,207,269.5,ruby,,
food_208,food,1,208,269.5,ruby,,
food_209,food,1,209,269.5,ruby,,
food_210,food,1,210,269.5,ruby,,
food_211,food,1,211,269.5,ruby,,
food_212,food,1,212,269.5,ruby,,
food_213,food,1,213,269.5,ruby,,
food_214,food,1,214,269.5,ruby,,
food_215,food,1,215,269.5,ruby,,
food_216,food,1,216,269.5,ruby,,
food_217,food,1,217,269.5,ruby,,
food_218,food,1,218,269.5,ruby,,
food_219,food,1,219,269.5,ruby,,
food_220,food,1,220,269.5,ruby,,
food_221,food,1,221,269.5,ruby,,
food_222,food,1,222,269.5,ruby,,
food_223,food,1,223,269.5,ruby,,
food_224,food,1,224,269.5,ruby,,
food_225,food,1,225,269.5,ruby,,
food_226,food,1,226,269.5,ruby,,
food_227,food,1,227,269.5,ruby,,
food_228,food,1,228,269.5,ruby,,
food_229,food,1,229,269.5,ruby,,
food_230,food,1,230,269.5,ruby,,
food_231,food,1,231,269.5,ruby,,
food_232,food,1,232,269.5,ruby,,
food_233,food,1,233,269.5,ruby,,
food_234,food,1,234,269.5,ruby,,
food_235,food,1,235,269.5,ruby,,
food_236,food,1,236,269.5,ruby,,
food_237,food,1,237,269.5,ruby,,
food_238,food,1,238,269.5,ruby,,
food_239,food,1,239,269.5,ruby,,
food_240,food,1,240,269.5,ruby,,
food_241,food,1,241,269.5,ruby,,
food_242,food,1,242,269.5,ruby,,
food_243,food,1,243,269.5,ruby,,
food_244,food,1,244,269.5,ruby,,
food_245,food,1,245,269.5,ruby,,
dragonXP_1,dragonXP,0,1,0.26,ruby,,
dragonXP_2,dragonXP,0,2,0.58,ruby,,
dragonXP_3,dragonXP,0,3,0.75,ruby,,
dragonXP_4,dragonXP,0,4,1.12,ruby,,
dragonXP_5,dragonXP,0,5,1.55,ruby,,
dragonXP_6,dragonXP,0,6,2.49,ruby,,
dragonXP_7,dragonXP,0,7,3.57,ruby,,
dragonXP_8,dragonXP,0,8,4.68,ruby,,
dragonXP_9,dragonXP,0,9,4.68,ruby,,
dragonXP_10,dragonXP,0,10,5.86,ruby,,
dragonXP_11,dragonXP,0,11,6.97,ruby,,
dragonXP_12,dragonXP,0,12,6.97,ruby,,
dragonXP_13,dragonXP,0,13,8.12,ruby,,
dragonXP_14,dragonXP,0,14,9.41,ruby,,
dragonXP_15,dragonXP,0,15,9.41,ruby,,
dragonXP_16,dragonXP,0,16,10.71,ruby,,
dragonXP_17,dragonXP,0,17,10.71,ruby,,
dragonXP_18,dragonXP,0,18,12.16,ruby,,
dragonXP_19,dragonXP,0,19,12.16,ruby,,
dragonXP_20,dragonXP,0,20,13.58,ruby,,
dragonXP_21,dragonXP,0,21,13.58,ruby,,
dragonXP_22,dragonXP,0,22,15.33,ruby,,
dragonXP_23,dragonXP,0,23,15.33,ruby,,
dragonXP_24,dragonXP,0,24,17.05,ruby,,
dragonXP_25,dragonXP,0,25,17.05,ruby,,
dragonXP_26,dragonXP,0,26,19.16,ruby,,
dragonXP_27,dragonXP,0,27,19.16,ruby,,
dragonXP_28,dragonXP,0,28,21.22,ruby,,
dragonXP_29,dragonXP,0,29,21.22,ruby,,
dragonXP_30,dragonXP,0,30,21.22,ruby,,
dragonXP_31,dragonXP,0,31,23.73,ruby,,
dragonXP_32,dragonXP,0,32,23.73,ruby,,
dragonXP_33,dragonXP,0,33,26.18,ruby,,
dragonXP_34,dragonXP,0,34,26.18,ruby,,
dragonXP_35,dragonXP,0,35,26.18,ruby,,
dragonXP_36,dragonXP,0,36,28.67,ruby,,
dragonXP_37,dragonXP,0,37,28.67,ruby,,
dragonXP_38,dragonXP,0,38,31.02,ruby,,
dragonXP_39,dragonXP,0,39,31.02,ruby,,
dragonXP_40,dragonXP,0,40,31.02,ruby,,
dragonXP_41,dragonXP,0,41,33.86,ruby,,
dragonXP_42,dragonXP,0,42,33.86,ruby,,
dragonXP_43,dragonXP,0,43,36.52,ruby,,
dragonXP_44,dragonXP,0,44,36.52,ruby,,
dragonXP_45,dragonXP,0,45,36.52,ruby,,
dragonXP_46,dragonXP,0,46,39.71,ruby,,
dragonXP_47,dragonXP,0,47,39.71,ruby,,
dragonXP_48,dragonXP,0,48,42.71,ruby,,
dragonXP_49,dragonXP,0,49,42.71,ruby,,
dragonXP_50,dragonXP,0,50,42.71,ruby,,
dragonXP_51,dragonXP,0,51,46.33,ruby,,
dragonXP_52,dragonXP,0,52,46.33,ruby,,
dragonXP_53,dragonXP,0,53,49.78,ruby,,
dragonXP_54,dragonXP,0,54,49.78,ruby,,
dragonXP_55,dragonXP,0,55,49.78,ruby,,
dragonXP_56,dragonXP,0,56,53.47,ruby,,
dragonXP_57,dragonXP,0,57,53.47,ruby,,
dragonXP_58,dragonXP,0,58,57.42,ruby,,
dragonXP_59,dragonXP,0,59,57.42,ruby,,
dragonXP_60,dragonXP,0,60,57.42,ruby,,
dragonXP_61,dragonXP,0,61,61.63,ruby,,
dragonXP_62,dragonXP,0,62,61.63,ruby,,
dragonXP_63,dragonXP,0,63,65.59,ruby,,
dragonXP_64,dragonXP,0,64,65.59,ruby,,
dragonXP_65,dragonXP,0,65,65.59,ruby,,
dragonXP_66,dragonXP,0,66,70.37,ruby,,
dragonXP_67,dragonXP,0,67,70.37,ruby,,
dragonXP_68,dragonXP,0,68,75.49,ruby,,
dragonXP_69,dragonXP,0,69,75.49,ruby,,
dragonXP_70,dragonXP,0,70,75.49,ruby,,
dragonXP_71,dragonXP,0,71,80.3,ruby,,
dragonXP_72,dragonXP,0,72,80.3,ruby,,
dragonXP_73,dragonXP,0,73,86.1,ruby,,
dragonXP_74,dragonXP,0,74,86.1,ruby,,
dragonXP_75,dragonXP,0,75,86.1,ruby,,
dragonXP_76,dragonXP,0,76,92.3,ruby,,
dragonXP_77,dragonXP,0,77,92.3,ruby,,
dragonXP_78,dragonXP,0,78,98.16,ruby,,
dragonXP_79,dragonXP,0,79,98.16,ruby,,
dragonXP_80,dragonXP,0,80,98.16,ruby,,
dragonXP_81,dragonXP,0,81,105.18,ruby,,
dragonXP_82,dragonXP,0,82,105.18,ruby,,
dragonXP_83,dragonXP,0,83,112.69,ruby,,
dragonXP_84,dragonXP,0,84,112.69,ruby,,
dragonXP_85,dragonXP,0,85,112.69,ruby,,
dragonXP_86,dragonXP,0,86,119.8,ruby,,
dragonXP_87,dragonXP,0,87,119.8,ruby,,
dragonXP_88,dragonXP,0,88,128.3,ruby,,
dragonXP_89,dragonXP,0,89,128.3,ruby,,
dragonXP_90,dragonXP,0,90,128.3,ruby,,
dragonXP_91,dragonXP,0,91,137.38,ruby,,
dragonXP_92,dragonXP,0,92,137.38,ruby,,
dragonXP_93,dragonXP,0,93,146.01,ruby,,
dragonXP_94,dragonXP,0,94,146.01,ruby,,
dragonXP_95,dragonXP,0,95,146.01,ruby,,
dragonXP_96,dragonXP,0,96,156.29,ruby,,
dragonXP_97,dragonXP,0,97,156.29,ruby,,
dragonXP_98,dragonXP,0,98,167.26,ruby,,
dragonXP_99,dragonXP,0,99,167.26,ruby,,
dragonXP_100,dragonXP,0,100,167.26,ruby,,
dragonXP_101,dragonXP,0,101,177.72,ruby,,
dragonXP_102,dragonXP,0,102,177.72,ruby,,
dragonXP_103,dragonXP,0,103,190.13,ruby,,
dragonXP_104,dragonXP,0,104,190.13,ruby,,
dragonXP_105,dragonXP,0,105,190.13,ruby,,
dragonXP_106,dragonXP,0,106,203.38,ruby,,
dragonXP_107,dragonXP,0,107,203.38,ruby,,
dragonXP_108,dragonXP,0,108,216.05,ruby,,
dragonXP_109,dragonXP,0,109,216.05,ruby,,
dragonXP_110,dragonXP,0,110,216.05,ruby,,
dragonXP_111,dragonXP,0,111,231.03,ruby,,
dragonXP_112,dragonXP,0,112,231.03,ruby,,
dragonXP_113,dragonXP,0,113,247.02,ruby,,
dragonXP_114,dragonXP,0,114,247.02,ruby,,
dragonXP_115,dragonXP,0,115,247.02,ruby,,
dragonXP_116,dragonXP,0,116,262.35,ruby,,
dragonXP_117,dragonXP,0,117,262.35,ruby,,
dragonXP_118,dragonXP,0,118,280.42,ruby,,
dragonXP_119,dragonXP,0,119,280.42,ruby,,
dragonXP_120,dragonXP,0,120,280.42,ruby,,
dragonXP_121,dragonXP,0,121,299.7,ruby,,
dragonXP_122,dragonXP,0,122,299.7,ruby,,
dragonXP_123,dragonXP,0,123,318.23,ruby,,
dragonXP_124,dragonXP,0,124,318.23,ruby,,
dragonXP_125,dragonXP,0,125,318.23,ruby,,
dragonXP_126,dragonXP,0,126,340.02,ruby,,
dragonXP_127,dragonXP,0,127,340.02,ruby,,
dragonXP_128,dragonXP,0,128,363.24,ruby,,
dragonXP_129,dragonXP,0,129,363.24,ruby,,
dragonXP_130,dragonXP,0,130,363.24,ruby,,
dragonXP_131,dragonXP,0,131,385.63,ruby,,
dragonXP_132,dragonXP,0,132,385.63,ruby,,
dragonXP_133,dragonXP,0,133,411.87,ruby,,
dragonXP_134,dragonXP,0,134,411.87,ruby,,
dragonXP_135,dragonXP,0,135,411.87,ruby,,
dragonXP_136,dragonXP,0,136,439.84,ruby,,
dragonXP_137,dragonXP,0,137,439.84,ruby,,
dragonXP_138,dragonXP,0,138,466.86,ruby,,
dragonXP_139,dragonXP,0,139,466.86,ruby,,
dragonXP_140,dragonXP,0,140,466.86,ruby,,
dragonXP_141,dragonXP,0,141,498.46,ruby,,
dragonXP_142,dragonXP,0,142,498.46,ruby,,
dragonXP_143,dragonXP,0,143,532.11,ruby,,
dragonXP_144,dragonXP,0,144,532.11,ruby,,
dragonXP_145,dragonXP,0,145,532.11,ruby,,
dragonXP_146,dragonXP,0,146,564.71,ruby,,
dragonXP_147,dragonXP,0,147,564.71,ruby,,
dragonXP_148,dragonXP,0,148,602.72,ruby,,
dragonXP_149,dragonXP,0,149,602.72,ruby,,
dragonXP_150,dragonXP,0,150,602.72,ruby,,
dragonXP_151,dragonXP,0,151,602.72,ruby,,
dragonXP_152,dragonXP,0,152,602.72,ruby,,
dragonXP_153,dragonXP,0,153,602.72,ruby,,
dragonXP_154,dragonXP,0,154,602.72,ruby,,
dragonXP_155,dragonXP,0,155,602.72,ruby,,
dragonXP_156,dragonXP,0,156,602.72,ruby,,
dragonXP_157,dragonXP,0,157,602.72,ruby,,
dragonXP_158,dragonXP,0,158,602.72,ruby,,
dragonXP_159,dragonXP,0,159,602.72,ruby,,
dragonXP_160,dragonXP,0,160,602.72,ruby,,
dragonXP_161,dragonXP,0,161,602.72,ruby,,
dragonXP_162,dragonXP,0,162,602.72,ruby,,
dragonXP_163,dragonXP,0,163,602.72,ruby,,
dragonXP_164,dragonXP,0,164,602.72,ruby,,
dragonXP_165,dragonXP,0,165,602.72,ruby,,
dragonXP_166,dragonXP,0,166,602.72,ruby,,
dragonXP_167,dragonXP,0,167,602.72,ruby,,
dragonXP_168,dragonXP,0,168,602.72,ruby,,
dragonXP_169,dragonXP,0,169,602.72,ruby,,
dragonXP_170,dragonXP,0,170,602.72,ruby,,
dragonXP_171,dragonXP,0,171,602.72,ruby,,
dragonXP_172,dragonXP,0,172,602.72,ruby,,
dragonXP_173,dragonXP,0,173,602.72,ruby,,
dragonXP_174,dragonXP,0,174,602.72,ruby,,
dragonXP_175,dragonXP,0,175,602.72,ruby,,
dragonXP_176,dragonXP,0,176,602.72,ruby,,
dragonXP_177,dragonXP,0,177,602.72,ruby,,
dragonXP_178,dragonXP,0,178,602.72,ruby,,
dragonXP_179,dragonXP,0,179,602.72,ruby,,
dragonXP_180,dragonXP,0,180,602.72,ruby,,
dragonXP_181,dragonXP,0,181,602.72,ruby,,
dragonXP_182,dragonXP,0,182,602.72,ruby,,
dragonXP_183,dragonXP,0,183,602.72,ruby,,
dragonXP_184,dragonXP,0,184,602.72,ruby,,
dragonXP_185,dragonXP,0,185,602.72,ruby,,
dragonXP_186,dragonXP,0,186,602.72,ruby,,
dragonXP_187,dragonXP,0,187,602.72,ruby,,
dragonXP_188,dragonXP,0,188,602.72,ruby,,
dragonXP_189,dragonXP,0,189,602.72,ruby,,
dragonXP_190,dragonXP,0,190,602.72,ruby,,
dragonXP_191,dragonXP,0,191,602.72,ruby,,
dragonXP_192,dragonXP,0,192,602.72,ruby,,
dragonXP_193,dragonXP,0,193,602.72,ruby,,
dragonXP_194,dragonXP,0,194,602.72,ruby,,
dragonXP_195,dragonXP,0,195,602.72,ruby,,
dragonXP_196,dragonXP,0,196,602.72,ruby,,
dragonXP_197,dragonXP,0,197,602.72,ruby,,
dragonXP_198,dragonXP,0,198,602.72,ruby,,
dragonXP_199,dragonXP,0,199,602.72,ruby,,
dragonXP_200,dragonXP,0,200,602.72,ruby,,
dragonXP_201,dragonXP,0,201,602.72,ruby,,
dragonXP_202,dragonXP,0,202,602.72,ruby,,
dragonXP_203,dragonXP,0,203,602.72,ruby,,
dragonXP_204,dragonXP,0,204,602.72,ruby,,
dragonXP_205,dragonXP,0,205,602.72,ruby,,
dragonXP_206,dragonXP,0,206,602.72,ruby,,
dragonXP_207,dragonXP,0,207,602.72,ruby,,
dragonXP_208,dragonXP,0,208,602.72,ruby,,
dragonXP_209,dragonXP,0,209,602.72,ruby,,
dragonXP_210,dragonXP,0,210,602.72,ruby,,
dragonXP_211,dragonXP,0,211,602.72,ruby,,
dragonXP_212,dragonXP,0,212,602.72,ruby,,
dragonXP_213,dragonXP,0,213,602.72,ruby,,
dragonXP_214,dragonXP,0,214,602.72,ruby,,
dragonXP_215,dragonXP,0,215,602.72,ruby,,
dragonXP_216,dragonXP,0,216,602.72,ruby,,
dragonXP_217,dragonXP,0,217,602.72,ruby,,
dragonXP_218,dragonXP,0,218,602.72,ruby,,
dragonXP_219,dragonXP,0,219,602.72,ruby,,
dragonXP_220,dragonXP,0,220,602.72,ruby,,
dragonXP_221,dragonXP,0,221,602.72,ruby,,
dragonXP_222,dragonXP,0,222,602.72,ruby,,
dragonXP_223,dragonXP,0,223,602.72,ruby,,
dragonXP_224,dragonXP,0,224,602.72,ruby,,
dragonXP_225,dragonXP,0,225,602.72,ruby,,
dragonXP_226,dragonXP,0,226,602.72,ruby,,
dragonXP_227,dragonXP,0,227,602.72,ruby,,
dragonXP_228,dragonXP,0,228,602.72,ruby,,
dragonXP_229,dragonXP,0,229,602.72,ruby,,
dragonXP_230,dragonXP,0,230,602.72,ruby,,
dragonXP_231,dragonXP,0,231,602.72,ruby,,
dragonXP_232,dragonXP,0,232,602.72,ruby,,
dragonXP_233,dragonXP,0,233,602.72,ruby,,
dragonXP_234,dragonXP,0,234,602.72,ruby,,
dragonXP_235,dragonXP,0,235,602.72,ruby,,
dragonXP_236,dragonXP,0,236,602.72,ruby,,
dragonXP_237,dragonXP,0,237,602.72,ruby,,
dragonXP_238,dragonXP,0,238,602.72,ruby,,
dragonXP_239,dragonXP,0,239,602.72,ruby,,
dragonXP_240,dragonXP,0,240,602.72,ruby,,
dragonXP_241,dragonXP,0,241,602.72,ruby,,
dragonXP_242,dragonXP,0,242,602.72,ruby,,
dragonXP_243,dragonXP,0,243,602.72,ruby,,
dragonXP_244,dragonXP,0,244,602.72,ruby,,
dragonXP_245,dragonXP,0,245,602.72,ruby,,
buyDragonXP_1,buyDragonXP,0,1,0.1,ruby,,
buyDragonXP_2,buyDragonXP,0,2,0.23,ruby,,
buyDragonXP_3,buyDragonXP,0,3,0.3,ruby,,
buyDragonXP_4,buyDragonXP,0,4,0.45,ruby,,
buyDragonXP_5,buyDragonXP,0,5,0.62,ruby,,
buyDragonXP_6,buyDragonXP,0,6,1,ruby,,
buyDragonXP_7,buyDragonXP,0,7,1.43,ruby,,
buyDragonXP_8,buyDragonXP,0,8,1.87,ruby,,
buyDragonXP_9,buyDragonXP,0,9,1.87,ruby,,
buyDragonXP_10,buyDragonXP,0,10,2.34,ruby,,
buyDragonXP_11,buyDragonXP,0,11,2.79,ruby,,
buyDragonXP_12,buyDragonXP,0,12,2.79,ruby,,
buyDragonXP_13,buyDragonXP,0,13,3.25,ruby,,
buyDragonXP_14,buyDragonXP,0,14,3.76,ruby,,
buyDragonXP_15,buyDragonXP,0,15,3.76,ruby,,
buyDragonXP_16,buyDragonXP,0,16,4.28,ruby,,
buyDragonXP_17,buyDragonXP,0,17,4.28,ruby,,
buyDragonXP_18,buyDragonXP,0,18,4.86,ruby,,
buyDragonXP_19,buyDragonXP,0,19,4.86,ruby,,
buyDragonXP_20,buyDragonXP,0,20,5.43,ruby,,
buyDragonXP_21,buyDragonXP,0,21,5.43,ruby,,
buyDragonXP_22,buyDragonXP,0,22,6.13,ruby,,
buyDragonXP_23,buyDragonXP,0,23,6.13,ruby,,
buyDragonXP_24,buyDragonXP,0,24,6.82,ruby,,
buyDragonXP_25,buyDragonXP,0,25,6.82,ruby,,
buyDragonXP_26,buyDragonXP,0,26,7.66,ruby,,
buyDragonXP_27,buyDragonXP,0,27,7.66,ruby,,
buyDragonXP_28,buyDragonXP,0,28,8.49,ruby,,
buyDragonXP_29,buyDragonXP,0,29,8.49,ruby,,
buyDragonXP_30,buyDragonXP,0,30,8.49,ruby,,
buyDragonXP_31,buyDragonXP,0,31,9.49,ruby,,
buyDragonXP_32,buyDragonXP,0,32,9.49,ruby,,
buyDragonXP_33,buyDragonXP,0,33,10.47,ruby,,
buyDragonXP_34,buyDragonXP,0,34,10.47,ruby,,
buyDragonXP_35,buyDragonXP,0,35,10.47,ruby,,
buyDragonXP_36,buyDragonXP,0,36,11.47,ruby,,
buyDragonXP_37,buyDragonXP,0,37,11.47,ruby,,
buyDragonXP_38,buyDragonXP,0,38,12.41,ruby,,
buyDragonXP_39,buyDragonXP,0,39,12.41,ruby,,
buyDragonXP_40,buyDragonXP,0,40,12.41,ruby,,
buyDragonXP_41,buyDragonXP,0,41,13.54,ruby,,
buyDragonXP_42,buyDragonXP,0,42,13.54,ruby,,
buyDragonXP_43,buyDragonXP,0,43,14.61,ruby,,
buyDragonXP_44,buyDragonXP,0,44,14.61,ruby,,
buyDragonXP_45,buyDragonXP,0,45,14.61,ruby,,
buyDragonXP_46,buyDragonXP,0,46,15.88,ruby,,
buyDragonXP_47,buyDragonXP,0,47,15.88,ruby,,
buyDragonXP_48,buyDragonXP,0,48,17.08,ruby,,
buyDragonXP_49,buyDragonXP,0,49,17.08,ruby,,
buyDragonXP_50,buyDragonXP,0,50,17.08,ruby,,
buyDragonXP_51,buyDragonXP,0,51,18.53,ruby,,
buyDragonXP_52,buyDragonXP,0,52,18.53,ruby,,
buyDragonXP_53,buyDragonXP,0,53,19.91,ruby,,
buyDragonXP_54,buyDragonXP,0,54,19.91,ruby,,
buyDragonXP_55,buyDragonXP,0,55,19.91,ruby,,
buyDragonXP_56,buyDragonXP,0,56,21.39,ruby,,
buyDragonXP_57,buyDragonXP,0,57,21.39,ruby,,
buyDragonXP_58,buyDragonXP,0,58,22.97,ruby,,
buyDragonXP_59,buyDragonXP,0,59,22.97,ruby,,
buyDragonXP_60,buyDragonXP,0,60,22.97,ruby,,
buyDragonXP_61,buyDragonXP,0,61,24.65,ruby,,
buyDragonXP_62,buyDragonXP,0,62,24.65,ruby,,
buyDragonXP_63,buyDragonXP,0,63,26.24,ruby,,
buyDragonXP_64,buyDragonXP,0,64,26.24,ruby,,
buyDragonXP_65,buyDragonXP,0,65,26.24,ruby,,
buyDragonXP_66,buyDragonXP,0,66,28.15,ruby,,
buyDragonXP_67,buyDragonXP,0,67,28.15,ruby,,
buyDragonXP_68,buyDragonXP,0,68,30.2,ruby,,
buyDragonXP_69,buyDragonXP,0,69,30.2,ruby,,
buyDragonXP_70,buyDragonXP,0,70,30.2,ruby,,
buyDragonXP_71,buyDragonXP,0,71,32.12,ruby,,
buyDragonXP_72,buyDragonXP,0,72,32.12,ruby,,
buyDragonXP_73,buyDragonXP,0,73,34.44,ruby,,
buyDragonXP_74,buyDragonXP,0,74,34.44,ruby,,
buyDragonXP_75,buyDragonXP,0,75,34.44,ruby,,
buyDragonXP_76,buyDragonXP,0,76,36.92,ruby,,
buyDragonXP_77,buyDragonXP,0,77,36.92,ruby,,
buyDragonXP_78,buyDragonXP,0,78,39.26,ruby,,
buyDragonXP_79,buyDragonXP,0,79,39.26,ruby,,
buyDragonXP_80,buyDragonXP,0,80,39.26,ruby,,
buyDragonXP_81,buyDragonXP,0,81,42.07,ruby,,
buyDragonXP_82,buyDragonXP,0,82,42.07,ruby,,
buyDragonXP_83,buyDragonXP,0,83,45.08,ruby,,
buyDragonXP_84,buyDragonXP,0,84,45.08,ruby,,
buyDragonXP_85,buyDragonXP,0,85,45.08,ruby,,
buyDragonXP_86,buyDragonXP,0,86,47.92,ruby,,
buyDragonXP_87,buyDragonXP,0,87,47.92,ruby,,
buyDragonXP_88,buyDragonXP,0,88,51.32,ruby,,
buyDragonXP_89,buyDragonXP,0,89,51.32,ruby,,
buyDragonXP_90,buyDragonXP,0,90,51.32,ruby,,
buyDragonXP_91,buyDragonXP,0,91,54.95,ruby,,
buyDragonXP_92,buyDragonXP,0,92,54.95,ruby,,
buyDragonXP_93,buyDragonXP,0,93,58.4,ruby,,
buyDragonXP_94,buyDragonXP,0,94,58.4,ruby,,
buyDragonXP_95,buyDragonXP,0,95,58.4,ruby,,
buyDragonXP_96,buyDragonXP,0,96,62.52,ruby,,
buyDragonXP_97,buyDragonXP,0,97,62.52,ruby,,
buyDragonXP_98,buyDragonXP,0,98,66.9,ruby,,
buyDragonXP_99,buyDragonXP,0,99,66.9,ruby,,
buyDragonXP_100,buyDragonXP,0,100,66.9,ruby,,
buyDragonXP_101,buyDragonXP,0,101,71.09,ruby,,
buyDragonXP_102,buyDragonXP,0,102,71.09,ruby,,
buyDragonXP_103,buyDragonXP,0,103,76.05,ruby,,
buyDragonXP_104,buyDragonXP,0,104,76.05,ruby,,
buyDragonXP_105,buyDragonXP,0,105,76.05,ruby,,
buyDragonXP_106,buyDragonXP,0,106,81.35,ruby,,
buyDragonXP_107,buyDragonXP,0,107,81.35,ruby,,
buyDragonXP_108,buyDragonXP,0,108,86.42,ruby,,
buyDragonXP_109,buyDragonXP,0,109,86.42,ruby,,
buyDragonXP_110,buyDragonXP,0,110,86.42,ruby,,
buyDragonXP_111,buyDragonXP,0,111,92.41,ruby,,
buyDragonXP_112,buyDragonXP,0,112,92.41,ruby,,
buyDragonXP_113,buyDragonXP,0,113,98.81,ruby,,
buyDragonXP_114,buyDragonXP,0,114,98.81,ruby,,
buyDragonXP_115,buyDragonXP,0,115,98.81,ruby,,
buyDragonXP_116,buyDragonXP,0,116,104.94,ruby,,
buyDragonXP_117,buyDragonXP,0,117,104.94,ruby,,
buyDragonXP_118,buyDragonXP,0,118,112.17,ruby,,
buyDragonXP_119,buyDragonXP,0,119,112.17,ruby,,
buyDragonXP_120,buyDragonXP,0,120,112.17,ruby,,
buyDragonXP_121,buyDragonXP,0,121,119.88,ruby,,
buyDragonXP_122,buyDragonXP,0,122,119.88,ruby,,
buyDragonXP_123,buyDragonXP,0,123,127.29,ruby,,
buyDragonXP_124,buyDragonXP,0,124,127.29,ruby,,
buyDragonXP_125,buyDragonXP,0,125,127.29,ruby,,
buyDragonXP_126,buyDragonXP,0,126,136.01,ruby,,
buyDragonXP_127,buyDragonXP,0,127,136.01,ruby,,
buyDragonXP_128,buyDragonXP,0,128,145.3,ruby,,
buyDragonXP_129,buyDragonXP,0,129,145.3,ruby,,
buyDragonXP_130,buyDragonXP,0,130,145.3,ruby,,
buyDragonXP_131,buyDragonXP,0,131,154.25,ruby,,
buyDragonXP_132,buyDragonXP,0,132,154.25,ruby,,
buyDragonXP_133,buyDragonXP,0,133,164.75,ruby,,
buyDragonXP_134,buyDragonXP,0,134,164.75,ruby,,
buyDragonXP_135,buyDragonXP,0,135,164.75,ruby,,
buyDragonXP_136,buyDragonXP,0,136,175.94,ruby,,
buyDragonXP_137,buyDragonXP,0,137,175.94,ruby,,
buyDragonXP_138,buyDragonXP,0,138,186.74,ruby,,
buyDragonXP_139,buyDragonXP,0,139,186.74,ruby,,
buyDragonXP_140,buyDragonXP,0,140,186.74,ruby,,
buyDragonXP_141,buyDragonXP,0,141,199.38,ruby,,
buyDragonXP_142,buyDragonXP,0,142,199.38,ruby,,
buyDragonXP_143,buyDragonXP,0,143,212.84,ruby,,
buyDragonXP_144,buyDragonXP,0,144,212.84,ruby,,
buyDragonXP_145,buyDragonXP,0,145,212.84,ruby,,
buyDragonXP_146,buyDragonXP,0,146,225.88,ruby,,
buyDragonXP_147,buyDragonXP,0,147,225.88,ruby,,
buyDragonXP_148,buyDragonXP,0,148,241.09,ruby,,
buyDragonXP_149,buyDragonXP,0,149,241.09,ruby,,
buyDragonXP_150,buyDragonXP,0,150,241.09,ruby,,
buyDragonXP_151,buyDragonXP,0,151,241.09,ruby,,
buyDragonXP_152,buyDragonXP,0,152,241.09,ruby,,
buyDragonXP_153,buyDragonXP,0,153,241.09,ruby,,
buyDragonXP_154,buyDragonXP,0,154,241.09,ruby,,
buyDragonXP_155,buyDragonXP,0,155,241.09,ruby,,
buyDragonXP_156,buyDragonXP,0,156,241.09,ruby,,
buyDragonXP_157,buyDragonXP,0,157,241.09,ruby,,
buyDragonXP_158,buyDragonXP,0,158,241.09,ruby,,
buyDragonXP_159,buyDragonXP,0,159,241.09,ruby,,
buyDragonXP_160,buyDragonXP,0,160,241.09,ruby,,
buyDragonXP_161,buyDragonXP,0,161,241.09,ruby,,
buyDragonXP_162,buyDragonXP,0,162,241.09,ruby,,
buyDragonXP_163,buyDragonXP,0,163,241.09,ruby,,
buyDragonXP_164,buyDragonXP,0,164,241.09,ruby,,
buyDragonXP_165,buyDragonXP,0,165,241.09,ruby,,
buyDragonXP_166,buyDragonXP,0,166,241.09,ruby,,
buyDragonXP_167,buyDragonXP,0,167,241.09,ruby,,
buyDragonXP_168,buyDragonXP,0,168,241.09,ruby,,
buyDragonXP_169,buyDragonXP,0,169,241.09,ruby,,
buyDragonXP_170,buyDragonXP,0,170,241.09,ruby,,
buyDragonXP_171,buyDragonXP,0,171,241.09,ruby,,
buyDragonXP_172,buyDragonXP,0,172,241.09,ruby,,
buyDragonXP_173,buyDragonXP,0,173,241.09,ruby,,
buyDragonXP_174,buyDragonXP,0,174,241.09,ruby,,
buyDragonXP_175,buyDragonXP,0,175,241.09,ruby,,
buyDragonXP_176,buyDragonXP,0,176,241.09,ruby,,
buyDragonXP_177,buyDragonXP,0,177,241.09,ruby,,
buyDragonXP_178,buyDragonXP,0,178,241.09,ruby,,
buyDragonXP_179,buyDragonXP,0,179,241.09,ruby,,
buyDragonXP_180,buyDragonXP,0,180,241.09,ruby,,
buyDragonXP_181,buyDragonXP,0,181,241.09,ruby,,
buyDragonXP_182,buyDragonXP,0,182,241.09,ruby,,
buyDragonXP_183,buyDragonXP,0,183,241.09,ruby,,
buyDragonXP_184,buyDragonXP,0,184,241.09,ruby,,
buyDragonXP_185,buyDragonXP,0,185,241.09,ruby,,
buyDragonXP_186,buyDragonXP,0,186,241.09,ruby,,
buyDragonXP_187,buyDragonXP,0,187,241.09,ruby,,
buyDragonXP_188,buyDragonXP,0,188,241.09,ruby,,
buyDragonXP_189,buyDragonXP,0,189,241.09,ruby,,
buyDragonXP_190,buyDragonXP,0,190,241.09,ruby,,
buyDragonXP_191,buyDragonXP,0,191,241.09,ruby,,
buyDragonXP_192,buyDragonXP,0,192,241.09,ruby,,
buyDragonXP_193,buyDragonXP,0,193,241.09,ruby,,
buyDragonXP_194,buyDragonXP,0,194,241.09,ruby,,
buyDragonXP_195,buyDragonXP,0,195,241.09,ruby,,
buyDragonXP_196,buyDragonXP,0,196,241.09,ruby,,
buyDragonXP_197,buyDragonXP,0,197,241.09,ruby,,
buyDragonXP_198,buyDragonXP,0,198,241.09,ruby,,
buyDragonXP_199,buyDragonXP,0,199,241.09,ruby,,
buyDragonXP_200,buyDragonXP,0,200,241.09,ruby,,
buyDragonXP_201,buyDragonXP,0,201,241.09,ruby,,
buyDragonXP_202,buyDragonXP,0,202,241.09,ruby,,
buyDragonXP_203,buyDragonXP,0,203,241.09,ruby,,
buyDragonXP_204,buyDragonXP,0,204,241.09,ruby,,
buyDragonXP_205,buyDragonXP,0,205,241.09,ruby,,
buyDragonXP_206,buyDragonXP,0,206,241.09,ruby,,
buyDragonXP_207,buyDragonXP,0,207,241.09,ruby,,
buyDragonXP_208,buyDragonXP,0,208,241.09,ruby,,
buyDragonXP_209,buyDragonXP,0,209,241.09,ruby,,
buyDragonXP_210,buyDragonXP,0,210,241.09,ruby,,
buyDragonXP_211,buyDragonXP,0,211,241.09,ruby,,
buyDragonXP_212,buyDragonXP,0,212,241.09,ruby,,
buyDragonXP_213,buyDragonXP,0,213,241.09,ruby,,
buyDragonXP_214,buyDragonXP,0,214,241.09,ruby,,
buyDragonXP_215,buyDragonXP,0,215,241.09,ruby,,
buyDragonXP_216,buyDragonXP,0,216,241.09,ruby,,
buyDragonXP_217,buyDragonXP,0,217,241.09,ruby,,
buyDragonXP_218,buyDragonXP,0,218,241.09,ruby,,
buyDragonXP_219,buyDragonXP,0,219,241.09,ruby,,
buyDragonXP_220,buyDragonXP,0,220,241.09,ruby,,
buyDragonXP_221,buyDragonXP,0,221,241.09,ruby,,
buyDragonXP_222,buyDragonXP,0,222,241.09,ruby,,
buyDragonXP_223,buyDragonXP,0,223,241.09,ruby,,
buyDragonXP_224,buyDragonXP,0,224,241.09,ruby,,
buyDragonXP_225,buyDragonXP,0,225,241.09,ruby,,
buyDragonXP_226,buyDragonXP,0,226,241.09,ruby,,
buyDragonXP_227,buyDragonXP,0,227,241.09,ruby,,
buyDragonXP_228,buyDragonXP,0,228,241.09,ruby,,
buyDragonXP_229,buyDragonXP,0,229,241.09,ruby,,
buyDragonXP_230,buyDragonXP,0,230,241.09,ruby,,
buyDragonXP_231,buyDragonXP,0,231,241.09,ruby,,
buyDragonXP_232,buyDragonXP,0,232,241.09,ruby,,
buyDragonXP_233,buyDragonXP,0,233,241.09,ruby,,
buyDragonXP_234,buyDragonXP,0,234,241.09,ruby,,
buyDragonXP_235,buyDragonXP,0,235,241.09,ruby,,
buyDragonXP_236,buyDragonXP,0,236,241.09,ruby,,
buyDragonXP_237,buyDragonXP,0,237,241.09,ruby,,
buyDragonXP_238,buyDragonXP,0,238,241.09,ruby,,
buyDragonXP_239,buyDragonXP,0,239,241.09,ruby,,
buyDragonXP_240,buyDragonXP,0,240,241.09,ruby,,
buyDragonXP_241,buyDragonXP,0,241,241.09,ruby,,
buyDragonXP_242,buyDragonXP,0,242,241.09,ruby,,
buyDragonXP_243,buyDragonXP,0,243,241.09,ruby,,
buyDragonXP_244,buyDragonXP,0,244,241.09,ruby,,
buyDragonXP_245,buyDragonXP,0,245,241.09,ruby,,
repairConsumable_1,repairConsumable,0,1,0.0374,ruby,,
attackConsumable_1,attackConsumable,0,1,0.0374,ruby,,
armorConsumable_1,armorConsumable,0,1,0.0374,ruby,,
increaseBuildingAttackConsumable1_1,increaseBuildingAttack1,0,1,0.0299,ruby,,
increaseAttackConsumable1_1,increaseAttack1,0,1,0.0281,ruby,,
increaseHPConsumable1_1,increaseHP1,0,1,0.0281,ruby,,
increaseBuildingHPConsumable1_1,increaseBuildingHP1,0,1,0.0299,ruby,,
aoeSpellConsumable01_1,aoeSpellConsumable01,0,1,0.02,ruby,,
battlecrySpellConsumable01_1,battlecrySpellConsumable01,0,1,0.02,ruby,,
chainLightningSpellConsumable01_1,chainLightningSpellConsumable01,0,1,0.02,ruby,,
chargeShieldSpellConsumable01_1,chargeShieldSpellConsumable01,0,1,0.02,ruby,,
cloakSpellConsumable01_1,cloakSpellConsumable01,0,1,0.02,ruby,,
curePoisonSpellConsumable01_1,curePoisonSpellConsumable01,0,1,0.02,ruby,,
dodgeSpellConsumable01_1,dodgeSpellConsumable01,0,1,0.02,ruby,,
syphonSpellConsumable01_1,syphonSpellConsumable01,0,1,0.02,ruby,,
freezeSpellConsumable01_1,freezeSpellConsumable01,0,1,0.02,ruby,,
frenzySpellConsumable01_1,frenzySpellConsumable01,0,1,0.02,ruby,,
healSpellConsumable01_1,healSpellConsumable01,0,1,0.02,ruby,,
healingmarkSpellConsumable01_1,healingmarkSpellConsumable01,0,1,0.02,ruby,,
hurricaneSpellConsumable01_1,hurricaneSpellConsumable01,0,1,0.02,ruby,,
instantKillSpellConsumable01_1,instantKillSpellConsumable01,0,1,0.02,ruby,,
invertSpellConsumable01_1,invertSpellConsumable01,0,1,0.02,ruby,,
invincibleSpellConsumable01_1,invincibleSpellConsumable01,0,1,0.02,ruby,,
selfDestructSpellConsumable01_1,selfDestructSpellConsumable01,0,1,0.02,ruby,,
lockdownSpellConsumable01_1,lockdownSpellConsumable01,0,1,0.02,ruby,,
shortCircuitSpellConsumable01_1,shortCircuitSpellConsumable01,0,1,0.02,ruby,,
stoneskinSpellConsumable01_1,stoneskinSpellConsumable01,0,1,0.02,ruby,,
summonDragonSpellConsumable01_1,summonDragonSpellConsumable01,0,1,0.02,ruby,,
archerResistAbilityConsumable01_1,archerResistAbilityConsumable01,0,1,0.02,ruby,,
cannonResistAbilityConsumable01_1,cannonResistAbilityConsumable01,0,1,0.02,ruby,,
stormResistAbilityConsumable01_1,stormResistAbilityConsumable01,0,1,0.02,ruby,,
ballistaResistAbilityConsumable01_1,ballistaResistAbilityConsumable01,0,1,0.02,ruby,,
trebuchetResistAbilityConsumable01_1,trebuchetResistAbilityConsumable01,0,1,0.02,ruby,,
lightningResistAbilityConsumable01_1,lightningResistAbilityConsumable01,0,1,0.02,ruby,,
expediteConsumable1_1,expediteConsumable1,0,1,0.1191,ruby,,
expediteConsumable2_1,expediteConsumable2,0,1,0.0321,ruby,,
expediteConsumable3_1,expediteConsumable3,0,1,0.0158,ruby,,
expediteConsumable4_1,expediteConsumable4,0,1,0.0048,ruby,,
healDragonConsumable_1,healDragonConsumable,0,1,0.016667,ruby,,
fullHeal_1,fullHeal,0,1,0.016667,ruby,,
chainLightningSuperSpellConsumable01_1,chainLightningSuperSpellConsumable01,0,1,0.000001,ruby,,
chargeShieldSuperSpellConsumable01_1,chargeShieldSuperSpellConsumable01,0,1,0.000001,ruby,,!@#pjnojfofbjihlleb